Method,Status,Total epochs,Solved epochs,Avail. (%),Hor. RMSE (m),Hor. MAX (m),Hor. <1.0 m (%),Hor. <1.5 m (%),Hor. P95 (m),3D RMSE (m),3D MAX (m),3D P95 (m)
RTKLIB-EX,completed,4040,4040,100.0,4.9459498483588895,58.55979887355755,46.13861386138614,59.23267326732673,8.414209090433724,10.311191085126206,66.9917399807942,21.52409429361907
GICI-RTK,completed,4040,3907,96.70792079207921,4.690210847127956,176.9974267907894,77.5990099009901,87.42574257425743,5.69686241050587,7.245310758262456,265.2595521288728,8.63626146225784
GICI-RRR,completed,4040,3891,96.31188118811882,92.43641280859818,1122.585502288999,48.539603960396036,55.96534653465346,140.57283989669466,92.98815048398666,1122.728742462104,147.72269440326681
VINS-Fusion,completed,4040,4036,99.9009900990099,5.1041783053559255,35.85769326801513,44.257425742574256,57.82178217821782,9.68172328385003,10.479551414969366,59.07468054755155,22.37986832886527
IC-GVINS,error (pre-divergence partial),4040,1502,37.17821782178218,7.679764489297472,30.46987821333951,9.158415841584159,14.306930693069306,21.95295773170777,8.100021467431995,30.469892831122067,21.96736569762117
GVINS,completed,4040,3664,90.6930693069307,436.7029397360323,19793.246852257158,22.475247524752476,39.33168316831683,28.755481889923566,4289.513787954677,229001.60598056525,75.42192269064839
InGVIO,completed,4040,3976,98.41584158415841,1928.5696610935722,43336.34076931573,5.0,6.584158415841584,161.76664413578635,2291.3779176432054,43555.92259332529,223.53247084092473
OKVIS2-X,completed,4040,4040,100.0,19.293741788160762,69.44043970859379,31.287128712871286,44.975247524752476,50.17414521915759,30.940426190616932,91.0492723801224,73.06649078612182
SeA-RVINS (batch),completed,4040,4040,100.0,0.382496122106636,2.907004088821422,97.15346534653466,99.62871287128714,0.8963080886311127,1.3044891765712443,5.491758790018957,2.6722841012983
SeA-RVINS (latent),completed,4040,4040,100.0,0.3936283723695323,1.5992567075026665,96.16336633663366,99.9009900990099,0.901756492335369,1.4077182396467998,4.0399473934464805,3.009368307423079
SeA-RVINS (scalar),completed,4040,4040,100.0,0.39069052414484523,1.6283380334796556,97.0049504950495,99.97524752475248,0.860873689099499,1.7333953686369492,5.849011156530483,3.3709572492819464
